category,category_description,category_image,name,description,price,image,badge,active,product_id,images,long_description,base_price,price_per_inch,pricing_unit,min_inches,max_inches,dimensions,material,finish,stock,care_instructions,shipping_info,return_policy
Divine Creations,Detailed idols and meaningful designs crafted to bring peace and presence to your space.,,Divine Creation,Detailed statement piece,1499,513a38da-f4b2-4af3-a9f3-b54914ae47de.jpg,Bestseller,yes,divine-creation,513a38da-f4b2-4af3-a9f3-b54914ae47de.jpg,,1499,150,inch,4,12,,,,,,,
Divine Creations,Detailed idols and meaningful designs crafted to bring peace and presence to your space.,,Lord Ganesha Idol,Home temple & desk,999,64809399-1220-4f1c-8083-d9ca20d2e0aa.jpg,,yes,lord-ganesha-idol,64809399-1220-4f1c-8083-d9ca20d2e0aa.jpg,,999,150,inch,4,12,,,,,,,
Divine Creations,Detailed idols and meaningful designs crafted to bring peace and presence to your space.,,Meditating Buddha,"Calm, minimal form",1299,8742f719-86ff-46dd-bfe7-329360d44d53.jpg,,yes,meditating-buddha,8742f719-86ff-46dd-bfe7-329360d44d53.jpg,,1299,150,inch,4,12,,,,,,,
Divine Creations,Detailed idols and meaningful designs crafted to bring peace and presence to your space.,,Krishna Flute Statue,Fine detailed finish,1199,8d5a2e7f-00d9-4d0d-9d11-d508dbb26ca3.jpg,New,yes,krishna-flute-statue,8d5a2e7f-00d9-4d0d-9d11-d508dbb26ca3.jpg,,1199,150,inch,4,12,,,,,,,
Home Decor,"Vases, planters, lamps and wall pieces with a modern touch.",,Arc Form Vase,Sculptural modern vase,899,bcbb6f0e-c76f-4b05-84ff-562a14c06a7a.jpg,,yes,arc-form-vase,bcbb6f0e-c76f-4b05-84ff-562a14c06a7a.jpg,,899,150,inch,4,12,,,,,,,
Home Decor,"Vases, planters, lamps and wall pieces with a modern touch.",,Geometric Planter,For small indoor plants,599,cebd3097-83b0-46d4-b8f4-07b8a7d5ca3c.jpg,,yes,geometric-planter,cebd3097-83b0-46d4-b8f4-07b8a7d5ca3c.jpg,,599,150,inch,4,12,,,,,,,
Home Decor,"Vases, planters, lamps and wall pieces with a modern touch.",,Abstract Wall Art,Textured 3D wall piece,1199,eb0e74ad-90e3-44ff-8ffb-0fd02e7e178c.jpg,,yes,abstract-wall-art,eb0e74ad-90e3-44ff-8ffb-0fd02e7e178c.jpg,,1199,150,inch,4,12,,,,,,,
Home Decor,"Vases, planters, lamps and wall pieces with a modern touch.",,Designer Lamp Shade,Soft patterned light,1399,f1f6a928-fb72-4cc7-bf3d-d419b7e3dae0.jpg,,yes,designer-lamp-shade,f1f6a928-fb72-4cc7-bf3d-d419b7e3dae0.jpg,,1399,150,inch,4,12,,,,,,,
Miniatures & Collectibles,"Small-scale models, figurines and collectibles for shelves and desks.",,Miniature Landmark,Small-scale collectible,1199,,New,yes,miniature-landmark,,,1199,150,inch,4,12,,,,,,,
Miniatures & Collectibles,"Small-scale models, figurines and collectibles for shelves and desks.",,Vintage Car Model,Detailed desk model,799,,,yes,vintage-car-model,,,799,150,inch,4,12,,,,,,,
Miniatures & Collectibles,"Small-scale models, figurines and collectibles for shelves and desks.",,Desk Figurine,Character collectible,549,,,yes,desk-figurine,,,549,150,inch,4,12,,,,,,,
Miniatures & Collectibles,"Small-scale models, figurines and collectibles for shelves and desks.",,Chess Piece Set,Hand-finished pieces,1499,,,yes,chess-piece-set,,,1499,150,inch,4,12,,,,,,,
Functional & Utility,"Useful everyday objects, designed well and printed to last.",,Phone Stand,"Sturdy, angled, minimal",399,,,yes,phone-stand,,,399,150,inch,4,12,,,,,,,
Functional & Utility,"Useful everyday objects, designed well and printed to last.",,Desk Organizer,"Pens, cards and clips",699,,Popular,yes,desk-organizer,,,699,150,inch,4,12,,,,,,,
Functional & Utility,"Useful everyday objects, designed well and printed to last.",,Cable Holder,Keeps your desk tidy,249,,,yes,cable-holder,,,249,150,inch,4,12,,,,,,,
Functional & Utility,"Useful everyday objects, designed well and printed to last.",,Headphone Stand,Clean modern design,799,,,yes,headphone-stand,,,799,150,inch,4,12,,,,,,,
Gifts & Personalised,"Name plates, keychains and keepsakes made for someone special.",,Custom Name Plate,"Your name, your style",499,,Custom,yes,custom-name-plate,,,499,150,inch,4,12,,,,,,,
Gifts & Personalised,"Name plates, keychains and keepsakes made for someone special.",,Custom Keychain,Name or initials,199,,,yes,custom-keychain,,,199,150,inch,4,12,,,,,,,
Gifts & Personalised,"Name plates, keychains and keepsakes made for someone special.",,Photo Lithophane Lamp,"Your photo, lit from within",1299,,,yes,photo-lithophane-lamp,,,1299,150,inch,4,12,,,,,,,
Gifts & Personalised,"Name plates, keychains and keepsakes made for someone special.",,Couple Figurine,Personalised keepsake,1599,,,yes,couple-figurine,,,1599,150,inch,4,12,,,,,,,
